id,date,time,home_team,away_team,fthg,ftag,ftr,hthg,htag,htr,referee,hs,as_,hst,ast,hf,af,hc,ac,hy,ay,hr,ar,b365h,b365d,b365a,bwh,bwd,bwa,maxh,maxd,maxa,avgh,avgd,avga,total_goals,goal_diff,implied_prob_h,implied_prob_d,implied_prob_a
187,01/01/2026,17:30,Crystal Palace,Fulham,1,1,D,1,0,H,T Harrington,11,17,2,5,7,10,6,3,0,5,0,0,2.15,3.3,3.4,2.15,3.4,3.3,2.2,3.4,3.5,2.17,3.34,3.4,2,0,0.465,0.303,0.294
188,01/01/2026,17:30,Liverpool,Leeds,0,0,D,0,0,D,C Kavanagh,19,4,4,2,10,8,8,3,0,2,0,0,1.55,4.5,5.5,1.53,4.5,5.5,1.55,4.6,6.4,1.53,4.41,5.83,0,0,0.645,0.222,0.182
189,01/01/2026,20:00,Brentford,Tottenham,0,0,D,0,0,D,A Madley,7,9,2,3,8,10,3,1,1,2,0,0,2.1,3.6,3.2,2.1,3.5,3.3,2.15,3.6,3.5,2.11,3.49,3.35,0,0,0.476,0.278,0.312
190,01/01/2026,20:00,Sunderland,Man City,0,0,D,0,0,D,J Gillett,10,14,4,4,9,6,3,5,1,1,0,0,7.5,4.75,1.38,7.25,4.6,1.42,8.5,5.0,1.44,7.81,4.82,1.39,0,0,0.133,0.211,0.725
236,01/02/2026,14:00,Aston Villa,Brentford,0,1,A,0,1,A,T Robinson,27,6,5,2,8,8,12,1,0,3,0,0,2.1,3.5,3.4,2.05,3.5,3.5,2.12,3.6,3.6,2.08,3.47,3.46,1,-1,0.476,0.286,0.294
237,01/02/2026,14:00,Man United,Fulham,3,2,H,1,0,H,J Brooks,13,14,6,6,6,9,3,7,2,1,0,0,1.57,4.5,5.0,1.61,4.2,5.0,1.61,4.6,5.5,1.58,4.32,5.2,5,1,0.637,0.222,0.2
238,01/02/2026,14:00,Nott'm Forest,Crystal Palace,1,1,D,1,1,D,M Salisbury,9,14,1,3,4,12,5,7,1,3,0,0,1.95,3.5,3.9,1.98,3.5,3.7,1.98,3.6,4.0,1.95,3.48,3.88,2,0,0.513,0.286,0.256
239,01/02/2026,16:30,Tottenham,Man City,2,2,D,0,2,A,R Jones,12,15,6,3,15,12,3,4,3,3,0,0,4.5,4.1,1.73,4.2,4.1,1.73,4.6,4.4,1.75,4.41,4.06,1.71,4,0,0.222,0.244,0.578
278,01/03/2026,14:00,Brighton,Nott'm Forest,2,1,H,2,1,H,A Madley,14,13,7,4,12,13,4,4,3,1,0,0,2.0,3.6,3.5,2.05,3.6,3.4,2.1,3.65,3.6,2.05,3.54,3.42,3,1,0.5,0.278,0.286
279,01/03/2026,14:00,Fulham,Tottenham,2,1,H,2,0,H,T Bramall,18,13,4,1,11,14,5,8,3,3,0,0,2.1,3.6,3.3,2.1,3.6,3.3,2.1,3.75,3.5,2.08,3.57,3.3,3,1,0.476,0.278,0.303
280,01/03/2026,14:00,Man United,Crystal Palace,2,1,H,0,1,A,C Kavanagh,20,8,11,3,13,12,7,1,2,2,0,1,1.53,4.5,5.5,1.57,4.4,5.25,1.57,4.5,6.0,1.53,4.31,5.61,3,1,0.654,0.222,0.182
281,01/03/2026,16:30,Arsenal,Chelsea,2,1,H,1,1,D,D England,12,9,5,3,11,14,5,10,1,3,0,1,1.6,3.8,5.5,1.63,4.0,5.25,1.63,4.0,5.5,1.6,3.98,5.28,3,1,0.625,0.263,0.182
91,01/11/2025,15:00,Brighton,Leeds,3,0,H,1,0,H,M Oliver,14,5,7,2,10,7,4,7,0,1,0,0,1.85,3.75,4.0,1.83,3.8,4.0,1.91,3.9,4.33,1.85,3.74,4.11,3,3,0.541,0.267,0.25
92,01/11/2025,15:00,Burnley,Arsenal,0,2,A,0,2,A,C Kavanagh,3,12,0,8,10,13,1,6,2,1,0,0,10.0,6.0,1.27,10.5,5.75,1.29,13.0,6.0,1.29,10.97,5.65,1.28,2,-2,0.1,0.167,0.787
93,01/11/2025,15:00,Crystal Palace,Brentford,2,0,H,1,0,H,P Bankes,9,6,2,2,7,11,6,5,0,3,0,0,1.91,3.6,3.9,1.93,3.6,3.8,1.95,3.75,4.1,1.92,3.65,3.85,2,2,0.524,0.278,0.256
94,01/11/2025,15:00,Fulham,Wolves,3,0,H,1,0,H,J Brooks,19,5,6,2,13,14,10,1,1,3,0,1,1.83,3.5,4.5,1.85,3.4,4.4,1.87,3.65,4.8,1.84,3.46,4.51,3,3,0.546,0.286,0.222
95,01/11/2025,15:00,Nott'm Forest,Man United,2,2,D,0,1,A,D England,17,18,3,7,10,7,8,5,1,1,0,0,3.3,3.75,2.05,3.4,3.6,2.05,3.6,3.8,2.1,3.41,3.67,2.05,4,0,0.303,0.267,0.488
96,01/11/2025,17:30,Tottenham,Chelsea,0,1,A,0,1,A,J Gillett,3,15,1,9,14,12,6,5,4,2,0,0,2.7,3.5,2.5,2.75,3.5,2.45,2.8,3.6,2.6,2.71,3.52,2.5,1,-1,0.37,0.286,0.4
97,01/11/2025,20:00,Liverpool,Aston Villa,2,0,H,1,0,H,S Attwell,16,10,4,3,13,11,1,4,2,3,0,0,1.65,4.33,4.5,1.6,4.4,4.8,1.67,4.5,5.0,1.63,4.32,4.81,2,2,0.606,0.231,0.222
240,02/02/2026,20:00,Sunderland,Burnley,3,0,H,2,0,H,P Tierney,14,5,5,0,12,10,1,2,1,4,0,0,1.8,3.5,4.75,1.78,3.6,4.6,1.83,3.6,5.0,1.8,3.42,4.73,3,3,0.556,0.286,0.211
98,02/11/2025,14:00,West Ham,Newcastle,3,1,H,2,1,H,R Jones,15,12,9,4,5,10,7,6,1,2,0,0,5.25,4.0,1.62,4.8,4.0,1.66,5.5,4.4,1.67,4.99,4.08,1.64,4,2,0.19,0.25,0.617
99,02/11/2025,16:30,Man City,Bournemouth,3,1,H,2,1,H,A Taylor,15,8,8,5,8,11,10,4,2,2,0,0,1.5,4.75,5.75,1.5,4.6,5.75,1.5,4.9,6.5,1.49,4.64,5.9,4,2,0.667,0.211,0.174
131,02/12/2025,19:30,Bournemouth,Everton,0,1,A,0,0,D,M Salisbury,5,13,2,3,14,14,1,6,3,3,0,0,2.2,3.25,3.3,2.15,3.3,3.4,2.25,3.4,3.45,2.2,3.29,3.38,1,-1,0.455,0.308,0.303
132,02/12/2025,19:30,Fulham,Man City,4,5,A,1,3,A,C Pawson,12,11,6,4,9,7,7,2,0,1,0,0,4.33,4.1,1.73,4.5,4.1,1.68,5.0,4.2,1.73,4.66,4.04,1.69,9,-1,0.231,0.244,0.578
133,02/12/2025,20:15,Newcastle,Tottenham,2,2,D,0,0,D,T Bramall,19,8,7,2,5,12,11,8,0,3,0,0,1.83,3.8,4.1,1.8,3.75,4.2,1.83,3.9,4.5,1.8,3.78,4.24,4,0,0.546,0.263,0.244
191,03/01/2026,12:30,Aston Villa,Nott'm Forest,3,1,H,1,0,H,S Hooper,11,10,4,5,10,20,4,4,1,2,0,0,1.75,3.9,4.5,1.77,3.75,4.4,1.8,3.9,4.75,1.76,3.74,4.54,4,2,0.571,0.256,0.222
192,03/01/2026,15:00,Brighton,Burnley,2,0,H,1,0,H,T Robinson,15,5,4,3,7,17,4,4,0,4,0,0,1.48,4.33,7.0,1.49,4.4,6.25,1.5,4.5,7.0,1.49,4.35,6.56,2,2,0.676,0.231,0.143
193,03/01/2026,15:00,Wolves,West Ham,3,0,H,3,0,H,P Bankes,11,6,8,0,11,10,6,7,1,0,0,0,2.5,3.3,2.88,2.5,3.4,2.75,2.52,3.5,2.95,2.48,3.37,2.82,3,3,0.4,0.303,0.347
194,03/01/2026,17:30,Bournemouth,Arsenal,2,3,A,1,1,D,C Kavanagh,15,12,3,5,13,8,7,5,3,1,0,0,6.5,4.75,1.44,6.0,4.4,1.52,6.5,5.0,1.53,6.13,4.57,1.48,5,-1,0.154,0.211,0.694
282,03/03/2026,19:30,Bournemouth,Brentford,0,0,D,0,0,D,C Pawson,13,5,2,2,9,10,4,3,2,1,0,0,2.5,3.6,2.63,2.5,3.6,2.65,2.5,3.75,2.7,2.48,3.59,2.65,0,0,0.4,0.278,0.38
283,03/03/2026,19:30,Everton,Burnley,2,0,H,1,0,H,T Robinson,14,5,5,2,10,12,6,3,0,1,0,0,1.57,4.0,6.0,1.57,4.1,5.75,1.57,4.1,6.5,1.56,3.96,6.06,2,2,0.637,0.25,0.167
284,03/03/2026,19:30,Leeds,Sunderland,0,1,A,0,0,D,S Attwell,18,3,4,1,15,19,9,2,1,3,0,0,1.85,3.4,4.33,1.88,3.5,4.2,1.91,3.5,4.6,1.86,3.43,4.31,1,-1,0.541,0.294,0.231
285,03/03/2026,20:15,Wolves,Liverpool,2,1,H,0,0,D,T Bramall,4,19,3,7,10,13,2,11,2,1,0,0,5.5,4.5,1.5,5.5,4.6,1.52,6.5,4.75,1.52,6.08,4.61,1.48,3,1,0.182,0.222,0.667
61,03/10/2025,20:00,Bournemouth,Fulham,3,1,H,0,0,D,S Hooper,11,12,6,4,8,10,4,3,0,1,0,0,1.95,3.5,3.9,1.95,3.5,3.9,2.0,3.6,4.0,1.97,3.5,3.85,4,2,0.513,0.286,0.256
100,03/11/2025,20:00,Sunderland,Everton,1,1,D,0,1,A,T Bramall,17,8,3,2,10,12,4,1,3,2,0,0,2.7,3.2,2.7,2.8,3.1,2.6,2.8,3.2,2.8,2.74,3.12,2.67,2,0,0.37,0.312,0.37
134,03/12/2025,19:30,Arsenal,Brentford,2,0,H,1,0,H,T Harrington,15,6,7,1,7,9,4,8,0,1,0,0,1.36,5.0,8.5,1.37,5.0,8.0,1.37,5.25,10.5,1.35,4.97,8.94,2,2,0.735,0.2,0.118
135,03/12/2025,19:30,Brighton,Aston Villa,3,4,A,2,2,D,A Madley,16,14,7,10,10,9,5,6,2,2,0,0,2.15,3.5,3.4,2.15,3.4,3.3,2.17,3.65,3.4,2.15,3.48,3.33,7,-1,0.465,0.286,0.294
136,03/12/2025,19:30,Burnley,Crystal Palace,0,1,A,0,1,A,T Kirk,11,3,4,3,9,8,3,4,0,0,0,0,4.5,3.8,1.75,4.6,3.7,1.77,4.75,3.8,1.8,4.57,3.71,1.77,1,-1,0.222,0.263,0.571
137,03/12/2025,19:30,Wolves,Nott'm Forest,0,1,A,0,0,D,T Robinson,5,10,1,3,19,11,3,9,2,2,0,0,3.25,3.4,2.25,3.2,3.3,2.2,3.45,3.4,2.3,3.28,3.3,2.24,1,-1,0.308,0.294,0.444
138,03/12/2025,20:15,Leeds,Chelsea,3,1,H,2,0,H,D England,17,14,5,2,10,13,4,2,1,1,0,0,4.1,4.1,1.8,4.33,3.8,1.78,4.5,4.1,1.8,4.31,3.87,1.78,4,2,0.244,0.244,0.556
139,03/12/2025,20:15,Liverpool,Sunderland,1,1,D,0,0,D,S Attwell,23,9,4,6,10,5,7,3,1,1,0,0,1.36,5.25,7.0,1.34,5.5,8.25,1.37,5.5,8.5,1.35,5.29,8.05,2,0,0.735,0.19,0.143
195,04/01/2026,12:30,Leeds,Man United,1,1,D,0,0,D,J Gillett,11,15,3,2,9,9,6,4,0,1,0,0,2.7,3.3,2.63,2.7,3.5,2.5,2.8,3.5,2.63,2.68,3.44,2.56,2,0,0.37,0.303,0.38
196,04/01/2026,15:00,Everton,Brentford,2,4,A,0,1,A,A Taylor,14,11,6,7,9,8,4,5,0,2,0,0,2.35,3.25,3.1,2.35,3.25,3.0,2.4,3.25,3.25,2.36,3.19,3.1,6,-2,0.426,0.308,0.323
197,04/01/2026,15:00,Newcastle,Crystal Palace,2,0,H,0,0,D,J Brooks,12,11,7,1,5,12,8,6,1,3,0,0,1.7,3.9,4.75,1.68,3.9,4.8,1.7,4.1,5.3,1.67,3.92,4.89,2,2,0.588,0.256,0.211
198,04/01/2026,15:00,Tottenham,Sunderland,1,1,D,1,0,H,S Attwell,13,10,5,3,10,6,3,5,2,3,0,0,1.8,3.6,4.5,1.82,3.7,4.2,1.84,3.8,4.7,1.8,3.65,4.37,2,0,0.556,0.278,0.222
199,04/01/2026,15:15,Fulham,Liverpool,2,2,D,1,0,H,C Pawson,8,10,2,2,11,4,3,8,1,1,0,0,3.8,3.75,1.91,3.7,3.75,1.93,3.95,3.8,1.96,3.74,3.68,1.92,4,0,0.263,0.267,0.524
200,04/01/2026,17:30,Man City,Chelsea,1,1,D,1,0,H,M Oliver,14,8,3,3,12,14,8,2,3,3,0,0,1.6,4.75,4.5,1.66,4.4,4.4,1.67,4.75,5.1,1.63,4.39,4.66,2,0,0.625,0.211,0.222
286,04/03/2026,19:30,Aston Villa,Chelsea,1,4,A,1,2,A,J Gillett,9,15,4,8,10,9,3,8,3,2,0,0,2.7,3.4,2.55,2.6,3.6,2.5,2.75,3.7,2.55,2.67,3.57,2.46,5,-3,0.37,0.294,0.392
287,04/03/2026,19:30,Brighton,Arsenal,0,1,A,0,1,A,C Kavanagh,11,7,3,2,14,12,4,3,4,1,0,0,4.75,4.1,1.65,5.0,3.9,1.66,5.4,4.1,1.67,5.03,3.92,1.64,1,-1,0.211,0.244,0.606
288,04/03/2026,19:30,Fulham,West Ham,0,1,A,0,0,D,M Donohue,13,9,5,3,14,12,7,5,2,4,0,0,2.0,3.5,3.7,2.05,3.5,3.5,2.08,3.75,3.75,2.03,3.56,3.52,1,-1,0.5,0.286,0.27
289,04/03/2026,19:30,Man City,Nott'm Forest,2,2,D,1,0,H,D England,21,9,7,4,10,6,6,1,0,4,0,0,1.38,5.0,7.5,1.41,5.25,6.5,1.41,5.33,8.0,1.37,4.95,7.65,4,0,0.725,0.2,0.133
290,04/03/2026,20:15,Newcastle,Man United,2,1,H,1,1,D,P Bankes,12,14,5,5,15,16,2,4,2,3,1,0,2.63,3.5,2.6,2.45,3.75,2.55,2.63,3.8,2.6,2.56,3.66,2.53,3,1,0.38,0.286,0.385
62,04/10/2025,12:30,Leeds,Tottenham,1,2,A,1,1,D,T Bramall,16,9,4,3,10,12,4,1,2,3,0,0,2.7,3.5,2.5,2.75,3.5,2.45,2.88,3.55,2.55,2.75,3.46,2.49,3,-1,0.37,0.286,0.4
63,04/10/2025,15:00,Arsenal,West Ham,2,0,H,1,0,H,J Brooks,21,4,5,0,14,14,8,3,0,2,0,0,1.18,6.5,17.0,1.2,6.75,14.5,1.2,7.5,17.0,1.19,6.83,15.25,2,2,0.847,0.154,0.059
64,04/10/2025,15:00,Man United,Sunderland,2,0,H,2,0,H,S Attwell,15,8,6,3,10,12,2,3,1,4,0,0,1.5,4.75,5.75,1.51,4.5,5.75,1.53,4.75,6.5,1.5,4.55,5.98,2,2,0.667,0.211,0.174
65,04/10/2025,17:30,Chelsea,Liverpool,2,1,H,1,0,H,A Taylor,12,12,6,2,9,8,7,2,0,2,0,0,2.8,3.75,2.3,2.9,3.6,2.25,2.95,3.8,2.38,2.87,3.7,2.28,3,1,0.357,0.267,0.435
140,04/12/2025,20:00,Man United,West Ham,1,1,D,0,0,D,A Kitchen,17,11,4,3,13,9,6,6,2,2,0,0,1.45,5.0,6.0,1.46,4.75,6.25,1.46,5.1,7.0,1.43,4.81,6.59,2,0,0.69,0.2,0.167
291,05/03/2026,20:00,Tottenham,Crystal Palace,1,3,A,1,3,A,A Madley,12,9,4,4,14,14,6,3,3,2,0,0,2.35,3.25,3.1,2.3,3.4,3.0,2.38,3.4,3.1,2.34,3.32,2.97,4,-2,0.426,0.308,0.323
66,05/10/2025,14:00,Aston Villa,Burnley,2,1,H,1,0,H,A Kitchen,15,5,7,2,9,15,6,4,3,1,0,0,1.6,4.0,5.75,1.58,4.0,5.5,1.62,4.2,6.0,1.59,4.0,5.76,3,1,0.625,0.25,0.174
67,05/10/2025,14:00,Everton,Crystal Palace,2,1,H,0,1,A,M Salisbury,14,15,7,8,13,16,2,4,2,3,0,0,2.45,3.25,3.0,2.5,3.2,2.9,2.65,3.25,3.0,2.53,3.21,2.89,3,1,0.408,0.308,0.333
68,05/10/2025,14:00,Newcastle,Nott'm Forest,2,0,H,0,0,D,P Bankes,18,5,9,4,16,15,8,1,0,4,0,0,1.57,4.2,5.5,1.6,4.1,5.5,1.61,4.4,5.75,1.58,4.21,5.46,2,2,0.637,0.238,0.182
69,05/10/2025,14:00,Wolves,Brighton,1,1,D,1,0,H,J Gillett,6,17,3,6,13,9,2,8,2,4,0,0,3.6,3.7,2.0,3.7,3.6,1.98,3.85,3.7,2.0,3.67,3.6,1.99,2,0,0.278,0.27,0.5
70,05/10/2025,16:30,Brentford,Man City,0,1,A,0,1,A,D England,6,10,1,4,10,6,3,2,3,2,0,0,4.75,4.5,1.62,4.6,4.33,1.65,5.0,4.5,1.67,4.73,4.27,1.64,1,-1,0.211,0.222,0.617
201,06/01/2026,20:00,West Ham,Nott'm Forest,1,2,A,1,0,H,T Harrington,14,13,3,5,15,9,6,5,3,0,0,0,2.88,3.25,2.2,3.0,3.4,2.3,3.25,3.4,2.38,3.1,3.33,2.3,3,-1,0.347,0.308,0.455
241,06/02/2026,20:00,Leeds,Nott'm Forest,3,1,H,2,0,H,P Bankes,14,16,5,6,9,12,5,10,1,1,0,0,2.2,3.3,3.4,2.2,3.25,3.4,2.33,3.4,3.5,2.21,3.26,3.37,4,2,0.455,0.303,0.294
141,06/12/2025,12:30,Aston Villa,Arsenal,2,1,H,1,0,H,P Bankes,15,15,6,9,10,8,3,3,0,2,0,0,4.2,3.5,1.9,4.0,3.4,1.93,4.2,3.5,1.95,4.13,3.45,1.91,3,1,0.238,0.286,0.526
142,06/12/2025,15:00,Bournemouth,Chelsea,0,0,D,0,0,D,M Oliver,13,11,5,4,15,13,5,0,0,2,0,0,3.1,3.75,2.15,3.2,3.6,2.15,3.25,3.75,2.2,3.14,3.67,2.16,0,0,0.323,0.267,0.465
143,06/12/2025,15:00,Everton,Nott'm Forest,3,0,H,2,0,H,C Kavanagh,11,7,5,3,17,15,6,3,4,3,0,0,2.2,3.2,3.5,2.15,3.25,3.5,2.2,3.35,3.65,2.17,3.25,3.52,3,3,0.455,0.312,0.286
144,06/12/2025,15:00,Man City,Sunderland,3,0,H,2,0,H,A Madley,18,8,6,1,9,10,6,5,1,0,0,1,1.25,6.5,10.0,1.26,6.25,10.5,1.26,6.5,13.0,1.24,6.22,11.38,3,3,0.8,0.154,0.1
145,06/12/2025,15:00,Newcastle,Burnley,2,1,H,2,0,H,S Attwell,17,9,7,3,9,11,9,9,2,2,0,1,1.27,6.0,9.5,1.29,5.75,9.5,1.3,6.0,11.5,1.28,5.72,10.39,3,1,0.787,0.167,0.105
146,06/12/2025,15:00,Tottenham,Brentford,2,0,H,2,0,H,R Jones,15,4,7,1,8,9,7,6,3,4,0,0,2.3,3.5,3.0,2.25,3.5,3.0,2.38,3.5,3.2,2.31,3.44,3.03,2,2,0.435,0.286,0.333
147,06/12/2025,17:30,Leeds,Liverpool,3,3,D,0,0,D,A Taylor,12,16,5,7,14,14,5,4,3,3,0,0,3.8,4.0,1.85,4.1,3.8,1.82,4.2,4.2,1.91,3.95,3.9,1.84,6,0,0.263,0.25,0.541
202,07/01/2026,19:30,Bournemouth,Tottenham,3,2,H,2,1,H,D England,11,16,3,4,19,10,3,7,3,3,0,0,2.1,3.6,3.3,2.1,3.7,3.25,2.18,3.75,3.4,2.11,3.62,3.27,5,1,0.476,0.278,0.303
203,07/01/2026,19:30,Brentford,Sunderland,3,0,H,1,0,H,M Donohue,18,11,6,3,13,13,7,4,2,1,0,0,1.85,3.5,4.33,1.82,3.6,4.33,1.88,3.6,4.5,1.83,3.56,4.36,3,3,0.541,0.286,0.231
204,07/01/2026,19:30,Crystal Palace,Aston Villa,0,0,D,0,0,D,A Madley,11,15,5,3,8,3,3,5,2,0,0,0,3.1,3.3,2.3,3.0,3.4,2.35,3.2,3.5,2.38,3.08,3.36,2.31,0,0,0.323,0.303,0.435
205,07/01/2026,19:30,Everton,Wolves,1,1,D,1,0,H,T Kirk,13,13,2,4,13,15,2,7,1,3,2,0,1.75,3.5,5.0,1.77,3.6,4.6,1.8,3.65,5.25,1.76,3.55,4.85,2,0,0.571,0.286,0.2
206,07/01/2026,19:30,Fulham,Chelsea,2,1,H,0,0,D,P Bankes,16,14,5,6,11,6,2,11,3,3,0,1,3.4,3.6,2.05,3.3,3.6,2.1,3.5,3.7,2.12,3.38,3.59,2.07,3,1,0.294,0.278,0.488
207,07/01/2026,19:30,Man City,Brighton,1,1,D,1,0,H,T Bramall,22,6,6,3,6,16,6,2,1,6,0,0,1.4,5.25,6.5,1.4,5.25,6.75,1.4,5.5,8.5,1.37,5.23,7.27,2,0,0.714,0.19,0.154
208,07/01/2026,20:15,Burnley,Man United,2,2,D,1,0,H,S Attwell,7,30,1,10,9,8,2,6,2,0,0,0,4.75,4.0,1.7,4.5,4.0,1.71,5.0,4.0,1.75,4.68,3.95,1.7,4,0,0.211,0.25,0.588
209,07/01/2026,20:15,Newcastle,Leeds,4,3,H,1,2,A,M Salisbury,18,14,8,6,11,10,8,4,3,2,0,0,1.67,3.8,5.0,1.68,3.9,4.8,1.73,4.1,5.5,1.67,3.87,5.02,7,1,0.599,0.263,0.2
242,07/02/2026,12:30,Man United,Tottenham,2,0,H,1,0,H,M Oliver,23,7,10,1,12,11,7,0,1,2,0,1,1.57,4.5,5.0,1.58,4.6,4.75,1.61,4.75,5.4,1.57,4.54,4.97,2,2,0.637,0.222,0.2
243,07/02/2026,15:00,Arsenal,Sunderland,3,0,H,1,0,H,S Barrott,16,5,5,3,11,8,5,2,1,2,0,0,1.22,6.25,12.0,1.23,6.5,11.5,1.23,6.75,16.0,1.21,6.23,14.08,3,3,0.82,0.16,0.083
244,07/02/2026,15:00,Bournemouth,Aston Villa,1,1,D,0,1,A,A Taylor,20,7,9,4,4,11,11,4,1,1,0,0,2.7,3.5,2.5,2.65,3.6,2.5,2.8,3.75,2.5,2.68,3.6,2.46,2,0,0.37,0.286,0.4
245,07/02/2026,15:00,Burnley,West Ham,0,2,A,0,2,A,D England,18,6,5,4,11,10,5,2,3,1,0,0,3.3,3.5,2.15,3.25,3.4,2.15,3.4,3.6,2.2,3.28,3.5,2.14,2,-2,0.303,0.286,0.465
246,07/02/2026,15:00,Fulham,Everton,1,2,A,1,0,H,S Attwell,13,16,3,3,11,12,6,6,1,5,0,0,2.1,3.25,3.75,2.1,3.3,3.6,2.15,3.4,3.8,2.1,3.27,3.64,3,-1,0.476,0.308,0.267
247,07/02/2026,15:00,Wolves,Chelsea,1,3,A,0,3,A,J Gillett,11,15,3,6,9,10,3,4,1,1,0,0,5.0,4.0,1.67,5.0,4.0,1.66,5.4,4.2,1.7,4.9,4.05,1.65,4,-2,0.2,0.25,0.599
248,07/02/2026,17:30,Newcastle,Brentford,2,3,A,1,2,A,A Madley,16,11,4,5,14,18,9,3,2,2,0,0,2.1,3.5,3.5,2.05,3.6,3.4,2.1,3.75,3.75,2.05,3.53,3.51,5,-1,0.476,0.286,0.286
148,07/12/2025,14:00,Brighton,West Ham,1,1,D,0,0,D,S Hooper,22,14,4,5,12,8,10,6,2,2,0,0,1.55,4.33,5.75,1.57,4.4,5.25,1.57,4.5,6.0,1.55,4.32,5.63,2,0,0.645,0.231,0.174
149,07/12/2025,16:30,Fulham,Crystal Palace,1,2,A,1,1,D,S Barrott,12,11,4,5,5,8,6,4,0,0,0,0,2.55,3.3,2.8,2.6,3.25,2.75,2.63,3.4,2.88,2.57,3.27,2.77,3,-1,0.392,0.303,0.357
210,08/01/2026,20:00,Arsenal,Liverpool,0,0,D,0,0,D,A Taylor,9,8,4,0,10,9,3,0,2,2,0,0,1.6,4.1,5.0,1.6,4.33,5.0,1.64,4.33,5.6,1.6,4.11,5.25,0,0,0.625,0.244,0.2
249,08/02/2026,14:00,Brighton,Crystal Palace,0,1,A,0,0,D,T Bramall,7,7,2,4,12,9,3,4,1,3,0,0,1.95,3.5,3.9,2.0,3.5,3.6,2.0,3.75,3.9,1.96,3.57,3.68,1,-1,0.513,0.286,0.256
250,08/02/2026,16:30,Liverpool,Man City,1,2,A,0,0,D,C Pawson,15,17,4,7,13,16,5,4,2,4,1,0,2.38,3.7,2.75,2.35,3.7,2.75,2.42,3.75,2.88,2.34,3.68,2.76,3,-1,0.42,0.27,0.364
101,08/11/2025,12:30,Tottenham,Man United,2,2,D,0,1,A,S Barrott,10,5,4,2,10,8,5,3,5,1,0,0,2.63,3.6,2.5,2.6,3.6,2.5,2.75,3.7,2.6,2.65,3.58,2.52,4,0,0.38,0.278,0.4
102,08/11/2025,15:00,Everton,Fulham,2,0,H,1,0,H,A Madley,14,8,5,4,11,14,7,5,2,2,0,0,2.2,3.3,3.4,2.15,3.25,3.4,2.25,3.35,3.5,2.2,3.28,3.4,2,2,0.455,0.303,0.294
103,08/11/2025,15:00,West Ham,Burnley,3,2,H,1,1,D,M Salisbury,15,16,6,7,15,13,7,4,2,2,0,0,1.91,3.5,4.0,1.93,3.5,3.9,2.0,3.6,4.1,1.94,3.5,3.98,5,1,0.524,0.286,0.25
104,08/11/2025,17:30,Sunderland,Arsenal,2,2,D,1,0,H,C Pawson,6,17,2,7,13,13,2,2,2,1,0,0,7.5,5.0,1.38,8.25,4.6,1.39,9.5,5.0,1.4,8.39,4.67,1.39,4,0,0.133,0.2,0.725
105,08/11/2025,20:00,Chelsea,Wolves,3,0,H,0,0,D,A Kitchen,20,3,8,0,12,14,10,1,1,2,0,0,1.36,4.75,8.5,1.37,5.25,7.5,1.37,5.3,9.0,1.36,5.06,8.27,3,3,0.735,0.211,0.118
150,08/12/2025,20:00,Wolves,Man United,1,4,A,1,1,D,M Salisbury,8,27,2,10,17,12,1,9,3,2,0,0,4.2,4.0,1.75,4.33,3.8,1.78,4.4,4.1,1.8,4.22,3.9,1.77,5,-3,0.238,0.25,0.571
106,09/11/2025,14:00,Aston Villa,Bournemouth,4,0,H,2,0,H,J Brooks,16,13,8,4,8,20,6,9,2,2,0,0,2.2,3.4,3.25,2.15,3.5,3.25,2.28,3.5,3.4,2.19,3.45,3.25,4,4,0.455,0.294,0.308
107,09/11/2025,14:00,Brentford,Newcastle,3,1,H,0,1,A,S Attwell,15,5,7,1,10,13,6,2,2,1,0,0,2.8,3.5,2.45,2.75,3.4,2.45,2.95,3.5,2.5,2.84,3.4,2.45,4,2,0.357,0.286,0.408
108,09/11/2025,14:00,Crystal Palace,Brighton,0,0,D,0,0,D,T Robinson,10,7,2,3,10,12,4,8,1,4,0,0,2.25,3.5,3.1,2.25,3.6,3.0,2.33,3.6,3.15,2.27,3.52,3.04,0,0,0.444,0.286,0.323
109,09/11/2025,14:00,Nott'm Forest,Leeds,3,1,H,1,1,D,J Gillett,14,10,6,3,10,11,6,4,2,1,0,0,2.25,3.25,3.3,2.2,3.3,3.25,2.25,3.4,3.45,2.22,3.32,3.29,4,2,0.444,0.308,0.303
110,09/11/2025,16:30,Man City,Liverpool,3,0,H,2,0,H,C Kavanagh,14,7,6,1,14,15,7,7,2,4,0,0,1.9,3.9,3.7,1.9,4.0,3.6,1.91,4.0,4.0,1.88,3.92,3.72,3,3,0.526,0.256,0.27
251,10/02/2026,19:30,Chelsea,Leeds,2,2,D,1,0,H,R Jones,19,4,4,2,9,13,4,1,4,4,0,0,1.55,4.33,5.5,1.57,4.33,5.25,1.57,4.4,6.0,1.55,4.28,5.66,4,0,0.645,0.231,0.182
252,10/02/2026,19:30,Everton,Bournemouth,1,2,A,1,0,H,A Madley,16,11,6,4,14,15,7,2,1,3,1,0,2.38,3.4,3.0,2.37,3.4,2.9,2.5,3.45,3.0,2.41,3.35,2.91,3,-1,0.42,0.294,0.333
253,10/02/2026,19:30,Tottenham,Newcastle,1,2,A,0,1,A,A Taylor,16,21,2,5,15,11,2,12,3,2,0,0,3.2,3.6,2.2,3.1,3.5,2.25,3.25,3.6,2.3,3.18,3.48,2.2,3,-1,0.312,0.278,0.455
254,10/02/2026,20:15,West Ham,Man United,1,1,D,0,0,D,S Hooper,7,9,3,3,10,4,5,3,1,1,0,0,4.5,4.2,1.7,4.2,4.2,1.72,4.5,4.4,1.73,4.36,4.23,1.7,2,0,0.222,0.238,0.588
255,11/02/2026,19:30,Aston Villa,Brighton,1,0,H,0,0,D,P Bankes,15,9,1,3,9,15,7,5,2,3,0,0,1.91,3.7,3.8,1.9,3.75,3.75,1.95,3.8,3.85,1.92,3.67,3.79,1,1,0.524,0.27,0.263
256,11/02/2026,19:30,Crystal Palace,Burnley,2,3,A,2,3,A,F Hallam,21,8,3,3,11,8,8,2,2,1,0,0,1.57,4.0,6.25,1.57,4.1,5.75,1.58,4.2,6.5,1.55,3.98,6.18,5,-1,0.637,0.25,0.16
257,11/02/2026,19:30,Man City,Fulham,3,0,H,3,0,H,P Tierney,13,14,5,3,8,10,4,4,3,1,0,0,1.36,5.5,7.0,1.35,5.5,7.0,1.38,5.5,9.0,1.34,5.33,8.08,3,3,0.735,0.182,0.143
258,11/02/2026,19:30,Nott'm Forest,Wolves,0,0,D,0,0,D,T Robinson,35,7,10,3,12,13,8,2,0,2,0,0,1.7,3.8,5.0,1.71,3.8,4.8,1.75,3.8,5.5,1.69,3.72,5.09,0,0,0.588,0.263,0.2
259,11/02/2026,20:15,Sunderland,Liverpool,0,1,A,0,0,D,C Kavanagh,11,23,2,3,8,10,3,11,1,0,0,0,4.75,3.8,1.73,4.4,3.8,1.77,5.0,4.0,1.77,4.65,3.83,1.72,1,-1,0.211,0.263,0.578
260,12/02/2026,20:00,Brentford,Arsenal,1,1,D,0,0,D,J Brooks,12,7,3,2,12,11,6,4,3,2,0,0,4.75,3.9,1.7,4.8,3.8,1.7,5.1,4.0,1.7,4.83,3.86,1.69,2,0,0.211,0.256,0.588
31,13/09/2025,12:30,Arsenal,Nott'm Forest,3,0,H,1,0,H,D England,16,5,5,1,8,11,8,4,1,1,0,0,1.38,5.0,8.0,1.39,4.8,8.0,1.42,5.0,9.0,1.38,4.85,8.16,3,3,0.725,0.2,0.125
32,13/09/2025,15:00,Bournemouth,Brighton,2,1,H,1,0,H,P Bankes,13,6,5,2,16,10,4,4,4,4,0,0,2.35,3.5,2.9,2.4,3.5,2.8,2.43,3.65,3.0,2.38,3.5,2.87,3,1,0.426,0.286,0.345
33,13/09/2025,15:00,Crystal Palace,Sunderland,0,0,D,0,0,D,T Bramall,14,6,6,0,10,8,5,3,1,1,0,0,1.65,3.75,5.75,1.68,3.7,5.25,1.71,4.1,6.0,1.66,3.76,5.42,0,0,0.606,0.267,0.174
34,13/09/2025,15:00,Everton,Aston Villa,0,0,D,0,0,D,S Hooper,20,7,2,1,17,15,10,3,3,3,0,0,2.45,3.3,2.9,2.45,3.25,2.87,2.5,3.4,3.05,2.44,3.27,2.95,0,0,0.408,0.303,0.345
35,13/09/2025,15:00,Fulham,Leeds,1,0,H,0,0,D,C Pawson,5,10,3,3,20,15,3,3,1,2,0,0,1.91,3.5,4.0,1.93,3.5,3.9,2.0,3.65,4.1,1.96,3.51,3.89,1,1,0.524,0.286,0.25
36,13/09/2025,15:00,Newcastle,Wolves,1,0,H,1,0,H,C Kavanagh,16,8,4,3,10,17,10,4,1,4,0,0,1.42,4.75,7.0,1.43,4.6,7.25,1.44,4.8,8.5,1.43,4.62,7.45,1,1,0.704,0.211,0.143
37,13/09/2025,17:30,West Ham,Tottenham,0,3,A,0,0,D,J Gillett,7,14,4,5,8,7,2,13,0,1,1,0,3.4,3.6,2.1,3.3,3.5,2.1,3.5,3.75,2.12,3.36,3.56,2.1,3,-3,0.294,0.278,0.476
38,13/09/2025,20:00,Brentford,Chelsea,2,2,D,1,0,H,S Attwell,7,16,4,6,13,9,5,6,3,2,0,0,4.5,3.9,1.73,4.4,3.9,1.75,4.8,4.1,1.75,4.54,3.92,1.73,4,0,0.222,0.256,0.578
151,13/12/2025,15:00,Chelsea,Everton,2,0,H,2,0,H,T Bramall,17,11,5,2,13,11,4,7,1,0,0,0,1.67,3.8,5.25,1.65,4.0,5.0,1.7,4.0,5.5,1.66,3.9,5.09,2,2,0.599,0.263,0.19
152,13/12/2025,15:00,Liverpool,Brighton,2,0,H,1,0,H,C Pawson,18,14,4,1,8,15,2,2,1,2,0,0,1.67,4.0,4.75,1.68,4.2,4.4,1.7,4.3,5.0,1.67,4.17,4.62,2,2,0.599,0.25,0.211
153,13/12/2025,17:30,Burnley,Fulham,2,3,A,1,2,A,M Oliver,16,6,8,4,8,8,10,4,1,2,0,0,4.0,3.5,1.91,3.9,3.5,1.93,4.0,3.6,2.0,3.93,3.48,1.95,5,-1,0.25,0.286,0.524
154,13/12/2025,20:00,Arsenal,Wolves,2,1,H,0,0,D,R Jones,16,3,2,2,7,15,8,0,0,4,0,0,1.13,8.5,21.0,1.13,9.5,20.0,1.14,9.5,26.0,1.12,8.62,22.31,3,1,0.885,0.118,0.048
39,14/09/2025,14:00,Burnley,Liverpool,0,1,A,0,0,D,M Oliver,3,27,0,4,9,9,1,13,0,2,0,0,8.0,5.5,1.33,8.25,5.5,1.33,9.5,5.6,1.35,8.6,5.43,1.33,1,-1,0.125,0.182,0.752
40,14/09/2025,16:30,Man City,Man United,3,0,H,1,0,H,A Taylor,13,12,6,2,8,8,2,4,0,0,0,0,1.75,4.0,4.2,1.77,4.0,4.1,1.8,4.3,4.5,1.76,3.99,4.19,3,3,0.571,0.25,0.238
155,14/12/2025,14:00,Crystal Palace,Man City,0,3,A,0,1,A,D England,16,7,4,6,9,6,2,2,2,0,0,0,3.9,3.9,1.85,4.0,3.7,1.87,4.2,4.0,1.88,3.98,3.81,1.83,3,-3,0.256,0.256,0.541
156,14/12/2025,14:00,Nott'm Forest,Tottenham,3,0,H,1,0,H,S Barrott,15,6,6,1,9,13,3,3,1,3,0,0,2.55,3.3,2.8,2.55,3.3,2.75,2.63,3.35,2.88,2.55,3.28,2.76,3,3,0.392,0.303,0.357
157,14/12/2025,14:00,Sunderland,Newcastle,1,0,H,0,0,D,P Bankes,5,6,1,2,10,10,3,6,5,4,0,0,3.3,3.3,2.25,3.2,3.4,2.2,3.35,3.4,2.28,3.26,3.33,2.22,1,1,0.303,0.303,0.444
158,14/12/2025,14:00,West Ham,Aston Villa,2,3,A,2,1,H,A Taylor,10,7,3,4,18,13,5,3,1,2,0,0,3.75,3.5,2.0,3.5,3.5,2.05,3.9,3.65,2.05,3.63,3.51,2.0,5,-1,0.267,0.286,0.5
159,14/12/2025,16:30,Brentford,Leeds,1,1,D,0,0,D,J Brooks,7,18,2,4,8,9,0,3,0,0,0,0,1.91,3.6,4.0,1.98,3.5,3.75,2.0,3.7,4.0,1.94,3.54,3.85,2,0,0.524,0.278,0.25
1,15/08/2025,20:00,Liverpool,Bournemouth,4,2,H,1,0,H,A Taylor,19,10,10,3,7,10,6,7,1,2,0,0,1.3,6.0,8.5,1.32,5.5,7.5,1.34,6.5,9.5,1.31,5.96,8.31,6,2,0.769,0.167,0.118
160,15/12/2025,20:00,Man United,Bournemouth,4,4,D,2,1,H,S Hooper,25,14,9,9,15,12,5,4,2,3,0,0,1.83,4.0,3.8,1.83,3.9,3.8,1.85,4.25,4.0,1.82,3.98,3.84,8,0,0.546,0.25,0.263
2,16/08/2025,12:30,Aston Villa,Newcastle,0,0,D,0,0,D,C Pawson,3,16,3,3,13,11,3,6,1,1,1,0,2.25,3.5,2.9,2.3,3.6,2.87,2.38,3.75,3.1,2.3,3.56,2.94,0,0,0.444,0.286,0.345
3,16/08/2025,15:00,Brighton,Fulham,1,1,D,0,0,D,S Barrott,10,7,4,2,16,15,4,3,3,3,0,0,1.91,3.6,4.0,1.9,3.6,3.9,1.95,3.75,4.0,1.92,3.62,3.91,2,0,0.524,0.278,0.25
4,16/08/2025,15:00,Sunderland,West Ham,3,0,H,0,0,D,R Jones,10,12,5,4,8,10,5,7,0,1,0,0,3.25,3.4,2.25,3.1,3.4,2.25,3.25,3.5,2.3,3.17,3.38,2.26,3,3,0.308,0.294,0.444
5,16/08/2025,15:00,Tottenham,Burnley,3,0,H,1,0,H,M Oliver,16,14,6,4,14,8,6,5,0,0,0,0,1.38,4.75,8.5,1.39,4.8,8.0,1.4,5.0,9.5,1.37,4.8,8.3,3,3,0.725,0.211,0.118
6,16/08/2025,17:30,Wolves,Man City,0,4,A,0,2,A,J Gillett,9,15,3,4,13,7,4,6,1,2,0,0,6.25,4.75,1.45,6.75,4.6,1.46,7.5,5.0,1.48,6.73,4.73,1.44,4,-4,0.16,0.211,0.69
211,17/01/2026,12:30,Man United,Man City,2,0,H,0,0,D,A Taylor,11,7,7,1,13,8,1,6,2,3,0,0,3.7,3.8,1.91,3.5,3.8,1.95,3.7,4.0,2.0,3.55,3.87,1.94,2,2,0.27,0.263,0.524
212,17/01/2026,15:00,Chelsea,Brentford,2,0,H,1,0,H,J Brooks,6,15,2,5,7,10,3,9,3,2,0,0,1.73,4.0,4.75,1.7,4.0,4.5,1.73,4.1,5.1,1.69,3.97,4.75,2,2,0.578,0.25,0.211
213,17/01/2026,15:00,Leeds,Fulham,1,0,H,0,0,D,C Kavanagh,14,8,5,1,6,11,7,3,1,5,0,0,2.15,3.3,3.5,2.2,3.3,3.3,2.23,3.4,3.5,2.17,3.33,3.41,1,1,0.465,0.303,0.286
214,17/01/2026,15:00,Liverpool,Burnley,1,1,D,1,0,H,A Madley,32,7,11,1,8,10,9,1,1,2,0,0,1.22,6.5,11.0,1.24,6.5,11.0,1.25,6.75,16.0,1.22,6.4,12.44,2,0,0.82,0.154,0.091
215,17/01/2026,15:00,Sunderland,Crystal Palace,2,1,H,1,1,D,R Jones,13,6,7,2,8,15,3,4,3,3,0,0,2.75,3.1,2.75,2.6,3.2,2.75,2.75,3.2,2.85,2.69,3.15,2.74,3,1,0.364,0.323,0.364
216,17/01/2026,15:00,Tottenham,West Ham,1,2,A,0,1,A,J Gillett,21,17,6,4,12,17,11,5,5,3,0,0,1.73,4.0,4.5,1.71,3.9,4.6,1.75,4.0,4.9,1.71,3.91,4.63,3,-1,0.578,0.25,0.222
217,17/01/2026,17:30,Nott'm Forest,Arsenal,0,0,D,0,0,D,M Oliver,6,15,0,3,8,14,4,9,1,1,0,0,6.0,4.33,1.53,6.0,4.0,1.57,6.5,4.4,1.57,6.1,4.16,1.54,0,0,0.167,0.231,0.654
7,17/08/2025,14:00,Chelsea,Crystal Palace,0,0,D,0,0,D,D England,19,12,3,4,10,12,11,2,2,3,0,0,1.62,4.33,4.5,1.6,4.2,5.25,1.64,4.35,5.5,1.61,4.21,5.08,0,0,0.617,0.231,0.222
8,17/08/2025,14:00,Nott'm Forest,Brentford,3,1,H,3,0,H,P Bankes,11,10,5,3,7,15,5,5,1,2,0,0,2.2,3.3,3.5,2.15,3.4,3.4,2.2,3.5,3.55,2.15,3.36,3.43,4,2,0.455,0.303,0.286
9,17/08/2025,16:30,Man United,Arsenal,0,1,A,0,1,A,S Hooper,22,9,7,3,10,19,3,4,1,4,0,0,3.6,3.6,1.95,3.4,3.5,2.1,3.75,3.66,2.1,3.57,3.56,2.01,1,-1,0.278,0.278,0.513
218,18/01/2026,14:00,Wolves,Newcastle,0,0,D,0,0,D,S Barrott,6,12,2,2,14,8,4,7,2,2,0,0,4.75,4.0,1.7,4.5,4.1,1.7,5.0,4.2,1.73,4.6,3.98,1.7,0,0,0.211,0.25,0.588
219,18/01/2026,16:30,Aston Villa,Everton,0,1,A,0,0,D,T Harrington,18,9,5,3,15,13,6,4,1,2,0,0,1.67,3.9,5.25,1.66,4.0,5.0,1.7,4.0,5.5,1.66,3.87,5.09,1,-1,0.599,0.256,0.19
261,18/02/2026,20:00,Wolves,Arsenal,2,2,D,0,1,A,P Tierney,5,10,2,4,6,8,1,3,2,1,0,0,11.0,5.25,1.29,10.0,5.5,1.3,12.0,5.8,1.3,10.94,5.48,1.28,4,0,0.091,0.19,0.775
10,18/08/2025,20:00,Leeds,Everton,1,0,H,0,0,D,C Kavanagh,21,7,3,1,6,8,7,2,0,2,0,0,2.38,3.3,3.0,2.4,3.25,2.95,2.5,3.5,3.05,2.39,3.29,2.96,1,1,0.42,0.303,0.333
71,18/10/2025,12:30,Nott'm Forest,Chelsea,0,3,A,0,0,D,C Kavanagh,12,17,2,6,13,16,5,2,2,2,0,1,3.7,3.8,1.95,3.75,3.7,1.93,3.85,3.85,1.95,3.75,3.74,1.93,3,-3,0.27,0.263,0.513
72,18/10/2025,15:00,Brighton,Newcastle,2,1,H,1,0,H,C Pawson,13,16,5,3,9,9,8,4,0,1,0,0,2.63,3.4,2.6,2.6,3.4,2.65,2.75,3.66,2.65,2.61,3.48,2.62,3,1,0.38,0.294,0.385
73,18/10/2025,15:00,Burnley,Leeds,2,0,H,1,0,H,T Robinson,4,19,3,4,10,7,1,5,2,1,0,0,3.25,3.25,2.25,3.2,3.25,2.3,3.45,3.33,2.3,3.3,3.25,2.26,2,2,0.308,0.308,0.444
74,18/10/2025,15:00,Crystal Palace,Bournemouth,3,3,D,0,2,A,J Gillett,20,8,7,5,8,16,6,5,1,4,0,0,2.2,3.4,3.25,2.25,3.4,3.1,2.3,3.4,3.35,2.25,3.35,3.22,6,0,0.455,0.294,0.308
75,18/10/2025,15:00,Man City,Everton,2,0,H,0,0,D,T Harrington,19,5,7,1,8,14,11,3,0,2,0,0,1.4,5.0,7.0,1.41,4.8,7.25,1.41,5.25,9.0,1.38,4.92,7.91,2,2,0.714,0.2,0.143
76,18/10/2025,15:00,Sunderland,Wolves,2,0,H,1,0,H,R Jones,8,16,2,3,5,12,3,2,0,0,0,0,2.5,3.0,3.1,2.45,3.1,3.1,2.5,3.15,3.25,2.46,3.07,3.13,2,2,0.4,0.333,0.323
77,18/10/2025,17:30,Fulham,Arsenal,0,1,A,0,0,D,A Taylor,9,16,0,5,11,4,6,10,0,0,0,0,5.75,4.1,1.55,6.0,4.1,1.55,6.5,4.4,1.57,6.14,4.13,1.54,1,-1,0.174,0.244,0.645
220,19/01/2026,20:00,Brighton,Bournemouth,1,1,D,0,1,A,P Tierney,17,11,5,2,7,6,11,6,2,3,0,0,1.85,3.9,3.8,1.87,3.9,3.7,1.91,4.1,4.1,1.85,3.92,3.75,2,0,0.541,0.256,0.263
78,19/10/2025,14:00,Tottenham,Aston Villa,1,2,A,1,1,D,S Hooper,9,8,3,2,11,7,6,6,2,0,0,0,2.05,3.5,3.5,2.05,3.6,3.4,2.15,3.7,3.5,2.06,3.56,3.42,3,-1,0.488,0.286,0.286
79,19/10/2025,16:30,Liverpool,Man United,1,2,A,0,1,A,M Oliver,19,12,6,4,8,14,9,4,0,2,0,0,1.6,4.5,5.0,1.61,4.4,4.8,1.62,4.7,5.1,1.6,4.4,4.89,3,-1,0.625,0.222,0.2
41,20/09/2025,12:30,Liverpool,Everton,2,1,H,2,0,H,D England,11,9,3,2,11,10,5,4,2,3,0,0,1.45,4.75,6.5,1.47,4.6,6.25,1.48,4.8,7.5,1.45,4.65,6.7,3,1,0.69,0.211,0.154
42,20/09/2025,15:00,Brighton,Tottenham,2,2,D,2,1,H,C Kavanagh,12,11,4,3,10,13,2,10,1,2,0,0,2.25,3.7,3.0,2.25,3.6,2.95,2.28,3.75,3.1,2.25,3.61,3.0,4,0,0.444,0.27,0.333
43,20/09/2025,15:00,Burnley,Nott'm Forest,1,1,D,1,1,D,T Bramall,12,17,5,8,12,11,4,5,1,1,0,0,3.4,3.3,2.2,3.25,3.4,2.2,3.5,3.5,2.2,3.36,3.37,2.18,2,0,0.294,0.303,0.455
44,20/09/2025,15:00,West Ham,Crystal Palace,1,2,A,0,1,A,T Harrington,8,18,3,3,15,5,8,8,3,3,0,0,2.88,3.5,2.38,2.9,3.4,2.4,3.1,3.5,2.4,2.98,3.36,2.37,3,-1,0.347,0.286,0.42
45,20/09/2025,15:00,Wolves,Leeds,1,3,A,1,3,A,A Taylor,16,6,6,4,11,9,4,0,1,1,0,0,2.7,3.2,2.75,2.65,3.2,2.75,2.71,3.25,2.8,2.67,3.16,2.74,4,-2,0.37,0.312,0.364
46,20/09/2025,17:30,Man United,Chelsea,2,1,H,2,0,H,P Bankes,11,5,4,1,13,14,5,5,0,5,1,1,2.6,3.8,2.45,2.65,3.7,2.4,2.8,3.8,2.5,2.68,3.69,2.44,3,1,0.385,0.263,0.408
47,20/09/2025,20:00,Fulham,Brentford,3,1,H,2,1,H,M Oliver,14,8,3,3,11,13,2,10,4,1,0,0,2.0,3.4,3.8,2.05,3.5,3.6,2.05,3.6,4.0,2.02,3.48,3.69,4,2,0.5,0.294,0.263
80,20/10/2025,20:00,West Ham,Brentford,0,2,A,0,1,A,A Madley,7,22,1,7,10,10,6,10,1,1,0,0,2.5,3.25,2.88,2.5,3.3,2.8,2.5,3.55,2.95,2.46,3.37,2.82,2,-2,0.4,0.308,0.347
161,20/12/2025,12:30,Newcastle,Chelsea,2,2,D,2,0,H,A Madley,11,13,5,4,13,14,6,4,3,6,0,0,2.75,3.6,2.45,2.65,3.5,2.5,2.85,3.65,2.6,2.73,3.51,2.47,4,0,0.364,0.278,0.408
162,20/12/2025,15:00,Bournemouth,Burnley,1,1,D,0,0,D,C Kavanagh,16,4,1,1,11,11,5,3,1,1,0,0,1.48,4.33,6.5,1.47,4.6,6.25,1.5,4.75,7.0,1.47,4.44,6.59,2,0,0.676,0.231,0.154
163,20/12/2025,15:00,Brighton,Sunderland,0,0,D,0,0,D,D England,16,14,4,6,11,15,3,4,2,2,0,0,1.67,4.0,5.25,1.65,4.0,5.0,1.7,4.2,5.5,1.65,3.95,5.16,0,0,0.599,0.25,0.19
164,20/12/2025,15:00,Man City,West Ham,3,0,H,2,0,H,P Tierney,17,7,8,3,16,10,6,0,1,1,0,0,1.22,8.0,10.0,1.22,7.5,10.5,1.22,8.0,13.0,1.2,7.36,11.88,3,3,0.82,0.125,0.1
165,20/12/2025,15:00,Wolves,Brentford,0,2,A,0,0,D,M Donohue,9,7,2,6,12,15,3,4,2,4,0,0,3.5,3.6,2.05,3.6,3.5,2.05,3.75,3.6,2.1,3.59,3.48,2.05,2,-2,0.286,0.278,0.488
166,20/12/2025,17:30,Tottenham,Liverpool,1,2,A,0,0,D,J Brooks,15,8,4,4,9,7,2,6,3,3,2,0,3.5,3.75,2.0,3.4,3.7,2.05,3.5,3.85,2.1,3.36,3.71,2.02,3,-1,0.286,0.267,0.5
167,20/12/2025,20:00,Everton,Arsenal,0,1,A,0,1,A,S Barrott,5,13,1,2,4,5,2,3,2,2,0,0,5.75,4.1,1.57,5.5,3.8,1.62,6.5,4.1,1.62,6.03,3.89,1.57,1,-1,0.174,0.244,0.637
168,20/12/2025,20:00,Leeds,Crystal Palace,4,1,H,2,0,H,T Bramall,20,9,8,3,5,10,9,5,1,3,0,0,2.6,3.3,2.75,2.55,3.3,2.75,2.7,3.3,2.88,2.6,3.25,2.76,5,3,0.385,0.303,0.364
262,21/02/2026,15:00,Aston Villa,Leeds,1,1,D,0,1,A,M Oliver,16,14,4,4,11,16,7,2,1,4,0,0,1.85,3.6,4.33,1.87,3.6,4.0,1.9,3.8,4.5,1.84,3.62,4.24,2,0,0.541,0.278,0.231
263,21/02/2026,15:00,Brentford,Brighton,0,2,A,0,2,A,J Gillett,13,11,3,7,9,14,6,4,1,2,0,0,2.0,3.7,3.5,2.0,3.5,3.6,2.05,3.8,3.6,2.01,3.7,3.45,2,-2,0.5,0.27,0.286
264,21/02/2026,15:00,Chelsea,Burnley,1,1,D,1,0,H,L Smith,12,12,2,4,13,11,9,5,2,2,1,0,1.22,6.5,12.0,1.23,7.0,11.0,1.23,7.0,15.0,1.2,6.7,12.88,2,0,0.82,0.154,0.083
265,21/02/2026,17:30,West Ham,Bournemouth,0,0,D,0,0,D,S Barrott,20,10,3,5,10,11,9,5,1,1,0,0,2.5,3.7,2.63,2.4,3.7,2.7,2.5,3.75,2.8,2.41,3.65,2.71,0,0,0.4,0.27,0.38
266,21/02/2026,20:00,Man City,Newcastle,2,1,H,2,1,H,T Bramall,15,13,7,7,12,13,5,5,2,5,0,0,1.45,5.0,5.5,1.47,5.0,5.5,1.48,5.0,6.1,1.46,4.92,5.82,3,1,0.69,0.2,0.182
48,21/09/2025,14:00,Bournemouth,Newcastle,0,0,D,0,0,D,R Jones,11,4,2,1,7,10,5,2,2,1,0,0,2.5,3.5,2.7,2.5,3.4,2.75,2.54,3.6,2.88,2.44,3.45,2.78,0,0,0.4,0.286,0.37
49,21/09/2025,14:00,Sunderland,Aston Villa,1,1,D,0,0,D,S Barrott,14,12,4,2,14,8,6,5,2,1,1,0,3.4,3.5,2.1,3.5,3.4,2.1,3.75,3.5,2.12,3.56,3.34,2.1,2,0,0.294,0.286,0.476
50,21/09/2025,16:30,Arsenal,Man City,1,1,D,0,1,A,S Attwell,12,5,3,3,11,10,11,2,1,2,0,0,1.85,3.9,3.8,1.88,3.7,3.9,1.95,3.9,4.0,1.9,3.7,3.85,2,0,0.541,0.256,0.263
169,21/12/2025,16:30,Aston Villa,Man United,2,1,H,1,1,D,M Oliver,12,15,4,6,11,14,5,5,1,2,0,0,2.1,3.6,3.3,2.1,3.7,3.25,2.15,3.75,3.4,2.1,3.64,3.26,3,1,0.476,0.278,0.303
267,22/02/2026,14:00,Crystal Palace,Wolves,1,0,H,0,0,D,T Kirk,14,12,3,7,19,13,7,3,5,1,0,1,1.65,4.0,5.0,1.61,4.0,5.25,1.65,4.2,5.5,1.62,3.99,5.26,1,1,0.606,0.25,0.2
268,22/02/2026,14:00,Nott'm Forest,Liverpool,0,1,A,0,0,D,A Taylor,18,10,2,4,13,9,7,2,2,0,0,0,4.1,3.9,1.8,4.0,3.8,1.83,4.4,4.0,1.83,4.08,3.88,1.8,1,-1,0.244,0.256,0.556
269,22/02/2026,14:00,Sunderland,Fulham,1,3,A,0,0,D,C Pawson,12,12,2,4,6,13,6,4,1,1,0,0,2.7,3.25,2.7,2.6,3.3,2.7,2.7,3.4,2.75,2.65,3.27,2.67,4,-2,0.37,0.308,0.37
270,22/02/2026,16:30,Tottenham,Arsenal,1,4,A,1,1,D,P Bankes,6,20,5,7,17,11,2,5,2,1,0,0,6.0,4.0,1.57,5.5,4.0,1.58,6.1,4.2,1.6,5.83,3.98,1.56,5,-3,0.167,0.25,0.637
11,22/08/2025,20:00,West Ham,Chelsea,1,5,A,1,3,A,M Oliver,12,12,4,7,7,10,7,5,0,1,0,0,4.75,3.8,1.73,4.6,3.9,1.72,5.0,4.0,1.76,4.68,3.88,1.71,6,-4,0.211,0.263,0.578
111,22/11/2025,12:30,Burnley,Chelsea,0,2,A,0,1,A,P Bankes,8,15,2,5,13,8,1,9,2,3,0,0,6.25,4.5,1.48,6.5,4.4,1.49,7.0,4.75,1.52,6.56,4.45,1.48,2,-2,0.16,0.222,0.676
112,22/11/2025,15:00,Bournemouth,West Ham,2,2,D,0,2,A,T Bramall,28,5,10,2,9,10,9,2,3,2,0,0,1.62,4.2,4.75,1.63,4.1,5.0,1.64,4.2,5.5,1.62,4.09,5.14,4,0,0.617,0.238,0.211
113,22/11/2025,15:00,Brighton,Brentford,2,1,H,0,1,A,C Kavanagh,14,10,5,4,10,9,7,4,4,2,0,0,1.91,3.6,4.0,1.93,3.7,3.75,1.96,3.75,4.0,1.93,3.66,3.82,3,1,0.524,0.278,0.25
114,22/11/2025,15:00,Fulham,Sunderland,1,0,H,0,0,D,D England,24,4,6,2,5,13,7,4,3,3,0,0,2.1,3.25,3.75,2.1,3.25,3.6,2.15,3.3,3.9,2.1,3.24,3.74,1,1,0.476,0.308,0.267
115,22/11/2025,15:00,Liverpool,Nott'm Forest,0,3,A,0,1,A,A Madley,21,15,4,7,11,8,8,6,2,0,0,0,1.44,5.0,6.25,1.44,4.75,6.75,1.44,5.0,7.5,1.42,4.86,6.97,3,-3,0.694,0.2,0.16
116,22/11/2025,15:00,Wolves,Crystal Palace,0,2,A,0,0,D,A Taylor,8,10,1,4,13,9,1,4,2,3,0,0,3.8,3.6,1.95,3.7,3.5,2.0,4.1,3.6,2.0,3.86,3.5,1.97,2,-2,0.263,0.278,0.513
117,22/11/2025,17:30,Newcastle,Man City,2,1,H,0,0,D,S Barrott,9,17,5,4,13,8,5,9,1,3,0,0,3.6,3.8,1.95,3.4,3.8,1.98,3.65,3.8,2.0,3.54,3.75,1.98,3,1,0.278,0.263,0.513
170,22/12/2025,20:00,Fulham,Nott'm Forest,1,0,H,1,0,H,A Taylor,11,12,1,2,5,9,1,5,5,4,0,0,2.4,3.25,3.0,2.37,3.4,2.95,2.5,3.4,3.1,2.42,3.27,2.93,1,1,0.417,0.308,0.333
271,23/02/2026,20:00,Everton,Man United,0,1,A,0,0,D,D England,12,11,4,3,12,7,10,1,2,3,0,0,3.7,3.75,1.91,3.5,3.75,1.98,3.7,3.9,2.0,3.57,3.73,1.94,1,-1,0.27,0.267,0.524
12,23/08/2025,12:30,Man City,Tottenham,0,2,A,0,2,A,P Bankes,10,12,4,5,7,12,7,2,1,4,0,0,1.48,4.5,6.25,1.47,4.6,6.25,1.5,5.0,6.5,1.48,4.7,6.08,2,-2,0.676,0.222,0.16
13,23/08/2025,15:00,Bournemouth,Wolves,1,0,H,1,0,H,T Bramall,14,6,4,1,13,16,8,3,2,4,0,1,1.8,3.8,4.2,1.78,3.9,4.2,1.82,4.0,4.5,1.79,3.88,4.24,1,1,0.556,0.263,0.238
14,23/08/2025,15:00,Brentford,Aston Villa,1,0,H,1,0,H,T Harrington,9,17,2,2,11,9,2,9,1,2,0,0,3.1,3.6,2.2,3.1,3.5,2.2,3.2,3.66,2.3,3.11,3.53,2.21,1,1,0.323,0.278,0.455
15,23/08/2025,15:00,Burnley,Sunderland,2,0,H,0,0,D,M Salisbury,7,9,2,1,9,5,4,3,0,1,0,0,2.2,3.2,3.5,2.3,3.2,3.25,2.3,3.25,3.6,2.25,3.16,3.42,2,2,0.455,0.312,0.286
16,23/08/2025,17:30,Arsenal,Leeds,5,0,H,2,0,H,J Gillett,18,3,5,1,8,11,2,2,0,2,0,0,1.27,6.25,9.5,1.27,6.0,10.5,1.29,6.25,12.0,1.27,5.93,10.61,5,5,0.787,0.16,0.105
118,23/11/2025,14:00,Leeds,Aston Villa,1,2,A,1,0,H,R Jones,14,14,5,3,18,16,3,3,5,1,0,0,3.0,3.3,2.4,3.1,3.25,2.3,3.15,3.35,2.45,3.04,3.25,2.37,3,-1,0.333,0.303,0.417
119,23/11/2025,16:30,Arsenal,Tottenham,4,1,H,2,0,H,M Oliver,17,3,8,2,11,15,4,1,1,3,0,0,1.42,4.75,7.5,1.4,4.6,8.0,1.42,4.9,8.5,1.39,4.66,8.03,5,3,0.704,0.211,0.133
221,24/01/2026,12:30,West Ham,Sunderland,3,1,H,3,0,H,T Bramall,13,7,5,2,9,16,3,3,2,4,0,0,2.5,3.2,2.88,2.45,3.4,2.85,2.6,3.4,2.9,2.51,3.24,2.85,4,2,0.4,0.312,0.347
222,24/01/2026,15:00,Burnley,Tottenham,2,2,D,1,1,D,P Bankes,9,18,4,11,8,9,1,3,1,0,0,0,3.7,3.5,2.05,3.5,3.4,2.05,3.8,3.5,2.1,3.64,3.39,2.05,4,0,0.27,0.286,0.488
223,24/01/2026,15:00,Fulham,Brighton,2,1,H,0,1,A,M Oliver,12,13,4,5,10,6,6,6,1,1,0,0,2.6,3.4,2.7,2.45,3.5,2.75,2.6,3.5,2.75,2.54,3.42,2.71,3,1,0.385,0.294,0.37
224,24/01/2026,15:00,Man City,Wolves,2,0,H,2,0,H,F Hallam,11,11,4,1,16,14,4,6,1,3,0,0,1.2,7.0,11.0,1.24,6.75,10.0,1.24,7.5,15.0,1.21,6.68,12.0,2,2,0.833,0.143,0.091
225,24/01/2026,17:30,Bournemouth,Liverpool,3,2,H,2,1,H,M Salisbury,12,14,5,4,7,7,3,11,1,1,0,0,3.75,3.8,1.9,3.7,3.9,1.88,3.85,4.0,1.92,3.73,3.87,1.89,5,1,0.267,0.263,0.526
17,24/08/2025,14:00,Crystal Palace,Nott'm Forest,1,1,D,1,0,H,A Taylor,8,9,4,1,11,11,1,3,3,3,0,0,2.35,3.3,3.1,2.35,3.3,3.0,2.4,3.3,3.2,2.35,3.26,3.07,2,0,0.426,0.303,0.323
18,24/08/2025,14:00,Everton,Brighton,2,0,H,1,0,H,S Attwell,11,13,3,4,7,15,2,2,4,3,0,0,3.1,3.3,2.3,2.95,3.3,2.4,3.25,3.4,2.4,3.08,3.3,2.32,2,2,0.323,0.303,0.435
19,24/08/2025,16:30,Fulham,Man United,1,1,D,0,0,D,C Kavanagh,13,10,4,3,12,10,9,6,1,1,0,0,3.25,3.5,2.15,3.3,3.6,2.1,3.35,3.65,2.2,3.27,3.53,2.13,2,0,0.308,0.286,0.465
81,24/10/2025,20:00,Leeds,West Ham,2,1,H,2,0,H,S Attwell,13,9,5,3,12,11,3,4,3,3,0,0,1.8,3.5,4.75,1.8,3.6,4.5,1.83,3.65,5.0,1.81,3.57,4.59,3,1,0.556,0.286,0.211
120,24/11/2025,20:00,Man United,Everton,0,1,A,0,1,A,T Harrington,25,3,6,1,12,9,9,1,2,0,0,1,1.75,4.0,4.33,1.72,3.8,4.6,1.78,4.1,4.6,1.74,3.83,4.49,1,-1,0.571,0.25,0.231
226,25/01/2026,14:00,Brentford,Nott'm Forest,0,2,A,0,1,A,S Barrott,10,7,1,2,11,10,6,5,1,0,0,0,1.91,3.5,4.1,1.9,3.5,4.0,1.95,3.6,4.35,1.9,3.49,4.02,2,-2,0.524,0.286,0.244
227,25/01/2026,14:00,Crystal Palace,Chelsea,1,3,A,0,1,A,D England,13,10,7,6,11,10,4,5,2,2,1,0,3.5,3.8,2.0,3.5,3.7,2.0,3.65,3.8,2.05,3.5,3.66,2.0,4,-2,0.286,0.263,0.5
228,25/01/2026,14:00,Newcastle,Aston Villa,0,2,A,0,1,A,J Gillett,15,14,4,8,7,12,6,5,1,2,0,0,1.95,3.7,3.7,1.93,3.8,3.6,2.02,3.8,3.7,1.98,3.66,3.54,2,-2,0.513,0.27,0.27
229,25/01/2026,16:30,Arsenal,Man United,2,3,A,1,1,D,C Pawson,15,10,4,3,11,9,9,2,2,0,0,0,1.55,4.2,6.0,1.57,4.1,5.75,1.6,4.2,6.4,1.55,4.08,5.89,5,-1,0.645,0.238,0.167
20,25/08/2025,20:00,Newcastle,Liverpool,2,3,A,0,1,A,S Hooper,10,5,3,4,17,15,7,1,2,3,1,0,3.25,3.8,2.05,3.4,3.9,1.98,3.45,4.0,2.1,3.3,3.83,2.02,5,-1,0.308,0.263,0.488
82,25/10/2025,15:00,Chelsea,Sunderland,1,2,A,1,1,D,A Madley,16,10,7,4,15,13,9,1,1,1,0,0,1.36,4.75,9.0,1.38,5.0,8.0,1.42,5.25,9.5,1.37,4.99,8.31,3,-1,0.735,0.211,0.111
83,25/10/2025,15:00,Newcastle,Fulham,2,1,H,1,0,H,P Bankes,18,12,7,5,11,18,4,3,0,2,0,0,1.62,3.9,5.5,1.63,4.0,5.25,1.64,4.1,6.0,1.62,3.97,5.44,3,1,0.617,0.256,0.182
84,25/10/2025,17:30,Man United,Brighton,4,2,H,2,0,H,A Taylor,13,17,9,5,4,13,1,6,2,2,0,0,1.95,3.8,3.5,2.0,3.75,3.4,2.05,4.0,3.6,2.0,3.83,3.45,6,2,0.513,0.263,0.286
85,25/10/2025,20:00,Brentford,Liverpool,3,2,H,2,1,H,S Hooper,17,18,8,5,7,10,5,4,3,2,0,0,4.1,4.2,1.75,4.33,4.2,1.71,4.5,4.2,1.78,4.28,4.13,1.73,5,1,0.244,0.238,0.571
230,26/01/2026,20:00,Everton,Leeds,1,1,D,0,1,A,S Hooper,10,14,3,4,9,13,4,4,0,3,0,0,2.5,3.25,2.9,2.4,3.2,3.0,2.6,3.25,3.0,2.48,3.15,2.92,2,0,0.4,0.308,0.345
86,26/10/2025,14:00,Arsenal,Crystal Palace,1,0,H,1,0,H,T Bramall,10,7,3,1,6,11,4,3,0,0,0,0,1.4,4.75,7.5,1.41,4.75,7.5,1.44,4.75,8.7,1.41,4.6,7.76,1,1,0.714,0.211,0.133
87,26/10/2025,14:00,Aston Villa,Man City,1,0,H,1,0,H,M Oliver,9,18,3,4,8,16,5,6,1,4,0,0,4.33,3.8,1.8,4.0,3.75,1.85,4.33,4.0,1.89,4.08,3.8,1.83,1,1,0.231,0.263,0.556
88,26/10/2025,14:00,Bournemouth,Nott'm Forest,2,0,H,2,0,H,S Barrott,13,8,5,4,17,7,6,4,3,1,0,0,1.8,3.8,4.33,1.8,3.75,4.2,1.81,3.95,4.6,1.79,3.79,4.29,2,2,0.556,0.263,0.231
89,26/10/2025,14:00,Wolves,Burnley,2,3,A,2,2,D,T Harrington,15,11,7,7,12,7,5,3,1,0,0,0,1.95,3.3,4.2,1.98,3.3,4.0,2.0,3.4,4.25,1.97,3.3,4.06,5,-1,0.513,0.303,0.238
90,26/10/2025,16:30,Everton,Tottenham,0,3,A,0,2,A,C Pawson,12,7,2,4,9,8,9,8,2,0,0,0,2.35,3.4,3.0,2.35,3.4,2.95,2.4,3.4,3.15,2.35,3.38,2.99,3,-3,0.426,0.294,0.333
171,26/12/2025,20:00,Man United,Newcastle,1,0,H,1,0,H,A Taylor,10,16,4,3,9,5,2,11,2,1,0,0,2.55,3.6,2.6,2.45,3.6,2.65,2.55,3.75,2.8,2.47,3.58,2.67,1,1,0.392,0.278,0.385
272,27/02/2026,20:00,Wolves,Aston Villa,2,0,H,0,0,D,C Pawson,9,14,2,5,13,19,0,5,3,3,0,0,4.1,3.7,1.85,4.2,3.7,1.83,4.35,3.7,1.9,4.17,3.64,1.84,2,2,0.244,0.27,0.541
51,27/09/2025,12:30,Brentford,Man United,3,1,H,2,1,H,C Pawson,10,14,8,6,14,10,4,2,2,2,0,0,3.4,3.8,2.0,3.4,3.75,2.0,3.5,4.0,2.1,3.4,3.77,2.02,4,2,0.294,0.263,0.5
52,27/09/2025,15:00,Chelsea,Brighton,1,3,A,1,0,H,S Hooper,13,12,3,3,9,16,5,7,3,5,1,0,1.85,3.8,3.8,1.85,3.9,3.8,1.91,4.0,4.1,1.86,3.86,3.86,4,-2,0.541,0.263,0.263
53,27/09/2025,15:00,Crystal Palace,Liverpool,2,1,H,1,0,H,C Kavanagh,16,20,7,4,10,8,2,6,1,3,0,0,3.8,3.8,1.9,3.75,3.75,1.9,4.0,3.8,1.95,3.82,3.72,1.91,3,1,0.263,0.263,0.526
54,27/09/2025,15:00,Leeds,Bournemouth,2,2,D,1,1,D,M Oliver,19,12,8,5,12,13,7,4,2,2,0,0,3.1,3.25,2.38,2.9,3.3,2.4,3.1,3.4,2.5,2.98,3.29,2.41,4,0,0.323,0.308,0.42
55,27/09/2025,15:00,Man City,Burnley,5,1,H,1,1,D,R Jones,21,9,8,2,5,7,10,2,1,3,0,0,1.17,7.5,15.0,1.18,7.5,15.5,1.19,8.0,17.0,1.17,7.48,15.54,6,4,0.855,0.133,0.067
56,27/09/2025,17:30,Nott'm Forest,Sunderland,0,1,A,0,1,A,T Harrington,22,11,6,3,11,6,7,4,4,2,0,0,1.75,3.75,4.5,1.78,3.7,4.5,1.8,3.75,5.0,1.77,3.67,4.64,1,-1,0.571,0.267,0.222
57,27/09/2025,20:00,Tottenham,Wolves,1,1,D,0,0,D,M Salisbury,10,9,3,3,9,11,10,9,3,2,0,0,1.5,4.5,6.0,1.49,4.5,6.25,1.5,4.9,7.0,1.47,4.57,6.38,2,0,0.667,0.222,0.167
172,27/12/2025,12:30,Nott'm Forest,Man City,1,2,A,0,0,D,R Jones,7,16,2,5,5,13,5,5,1,2,0,0,5.0,4.33,1.6,5.0,4.33,1.6,5.6,4.4,1.6,5.21,4.24,1.59,3,-1,0.2,0.231,0.625
173,27/12/2025,15:00,Arsenal,Brighton,2,1,H,1,0,H,J Brooks,24,8,6,3,7,13,7,2,2,3,0,0,1.42,4.75,7.0,1.43,4.8,6.75,1.44,5.0,8.0,1.41,4.73,7.34,3,1,0.704,0.211,0.143
174,27/12/2025,15:00,Brentford,Bournemouth,4,1,H,2,0,H,P Bankes,15,20,7,10,9,8,2,15,2,2,0,0,2.25,3.6,3.0,2.25,3.6,2.95,2.32,3.75,3.1,2.25,3.57,2.98,5,3,0.444,0.278,0.333
175,27/12/2025,15:00,Burnley,Everton,0,0,D,0,0,D,C Pawson,16,15,0,6,8,8,6,5,0,2,0,0,4.1,3.4,1.95,4.0,3.25,2.0,4.25,3.5,2.0,4.03,3.33,1.96,0,0,0.244,0.294,0.513
176,27/12/2025,15:00,Liverpool,Wolves,2,1,H,2,0,H,S Hooper,14,9,4,4,5,13,6,4,0,1,0,0,1.25,6.5,10.0,1.24,6.75,10.5,1.25,6.75,13.0,1.24,6.31,11.25,3,1,0.8,0.154,0.1
177,27/12/2025,15:00,West Ham,Fulham,0,1,A,0,0,D,C Kavanagh,11,15,2,4,8,8,5,4,1,3,0,0,2.63,3.4,2.6,2.65,3.4,2.55,2.8,3.5,2.75,2.65,3.38,2.59,1,-1,0.38,0.294,0.385
178,27/12/2025,17:30,Chelsea,Aston Villa,1,2,A,1,0,H,S Attwell,14,11,3,8,16,8,6,7,5,3,0,0,1.83,3.9,4.0,1.83,3.9,3.9,1.89,4.0,4.2,1.84,3.82,3.97,3,-1,0.546,0.256,0.25
273,28/02/2026,12:30,Bournemouth,Sunderland,1,1,D,0,1,A,J Gillett,21,8,5,4,15,12,7,3,4,2,0,0,1.8,3.75,4.33,1.75,3.9,4.33,1.8,4.0,4.5,1.77,3.8,4.34,2,0,0.556,0.267,0.231
274,28/02/2026,15:00,Burnley,Brentford,3,4,A,1,3,A,S Barrott,12,16,3,7,9,9,4,8,2,2,0,0,4.5,3.9,1.73,4.33,3.8,1.75,4.9,4.0,1.76,4.58,3.81,1.73,7,-1,0.222,0.256,0.578
275,28/02/2026,15:00,Liverpool,West Ham,5,2,H,3,0,H,T Robinson,18,11,7,4,12,11,10,5,2,2,0,0,1.42,4.75,6.5,1.42,5.5,6.0,1.44,5.5,7.0,1.41,5.02,6.68,7,3,0.704,0.211,0.154
276,28/02/2026,15:00,Newcastle,Everton,2,3,A,1,2,A,S Attwell,17,9,7,5,15,7,7,2,2,3,0,0,1.7,4.0,4.75,1.68,4.0,4.6,1.73,4.0,4.8,1.69,3.92,4.67,5,-1,0.588,0.25,0.211
277,28/02/2026,17:30,Leeds,Man City,0,1,A,0,1,A,P Bankes,14,14,2,5,10,8,5,3,0,3,0,0,4.75,4.33,1.62,4.75,4.2,1.63,5.25,4.75,1.63,5.0,4.25,1.6,1,-1,0.211,0.231,0.617
58,28/09/2025,14:00,Aston Villa,Fulham,3,1,H,1,1,D,A Madley,9,11,4,4,10,13,2,8,1,4,0,0,2.3,3.1,3.4,2.25,3.2,3.3,2.35,3.3,3.4,2.29,3.19,3.3,4,2,0.435,0.323,0.294
59,28/09/2025,16:30,Newcastle,Arsenal,1,2,A,1,0,H,J Gillett,8,20,3,7,8,9,7,12,2,1,0,0,3.6,3.4,2.1,3.5,3.3,2.1,3.66,3.4,2.2,3.51,3.32,2.12,3,-1,0.278,0.294,0.476
179,28/12/2025,14:00,Sunderland,Leeds,1,1,D,1,0,H,T Harrington,8,17,3,6,7,9,3,9,1,0,0,0,2.5,3.1,2.88,2.5,3.25,2.85,2.7,3.25,2.88,2.56,3.18,2.8,2,0,0.4,0.323,0.347
180,28/12/2025,16:30,Crystal Palace,Tottenham,0,1,A,0,1,A,J Gillett,15,8,2,4,7,5,3,2,3,2,0,0,2.25,3.25,3.2,2.25,3.4,3.1,2.3,3.45,3.35,2.25,3.33,3.19,1,-1,0.444,0.308,0.312
60,29/09/2025,20:00,Everton,West Ham,1,1,D,1,0,H,S Barrott,12,14,6,3,7,16,3,5,3,4,0,0,1.7,3.75,5.0,1.73,3.7,4.8,1.76,3.75,5.0,1.72,3.69,4.83,2,0,0.588,0.267,0.2
121,29/11/2025,15:00,Brentford,Burnley,3,1,H,0,0,D,S Barrott,14,6,4,2,7,7,5,6,0,2,0,0,1.45,4.5,7.0,1.49,4.4,6.5,1.49,4.8,7.5,1.45,4.54,6.96,4,2,0.69,0.222,0.143
122,29/11/2025,15:00,Man City,Leeds,3,2,H,2,0,H,P Bankes,18,9,9,4,17,11,8,1,4,1,0,0,1.22,6.5,12.0,1.24,6.5,11.0,1.25,6.5,13.0,1.23,6.42,11.78,5,1,0.82,0.154,0.083
123,29/11/2025,15:00,Sunderland,Bournemouth,3,2,H,1,2,A,T Robinson,12,18,6,6,14,13,6,3,5,5,0,1,3.2,3.3,2.3,2.95,3.3,2.37,3.2,3.4,2.43,3.04,3.3,2.35,5,1,0.312,0.303,0.435
124,29/11/2025,17:30,Everton,Newcastle,1,4,A,0,3,A,C Pawson,10,13,2,8,4,6,8,7,0,0,0,0,2.8,3.25,2.63,2.8,3.3,2.5,2.95,3.4,2.63,2.79,3.31,2.55,5,-3,0.357,0.308,0.38
125,29/11/2025,20:00,Tottenham,Fulham,1,2,A,0,2,A,S Attwell,14,7,2,3,11,7,8,2,3,2,0,0,2.2,3.3,3.3,2.15,3.4,3.3,2.25,3.55,3.6,2.18,3.39,3.33,3,-1,0.455,0.303,0.303
21,30/08/2025,12:30,Chelsea,Fulham,2,0,H,1,0,H,R Jones,13,11,6,3,11,17,6,4,2,2,0,0,1.55,4.33,5.25,1.55,4.5,5.25,1.57,4.5,6.0,1.55,4.35,5.6,2,2,0.645,0.231,0.19
22,30/08/2025,15:00,Man United,Burnley,3,2,H,1,0,H,S Barrott,26,6,6,3,9,9,7,1,1,5,0,0,1.33,5.25,8.0,1.36,5.25,8.25,1.4,5.5,9.0,1.35,5.15,8.28,5,1,0.752,0.19,0.125
23,30/08/2025,15:00,Sunderland,Brentford,2,1,H,0,0,D,A Taylor,12,7,3,4,11,12,3,4,3,2,0,0,3.0,3.3,2.4,2.9,3.3,2.45,3.0,3.35,2.54,2.92,3.27,2.46,3,1,0.333,0.303,0.417
24,30/08/2025,15:00,Tottenham,Bournemouth,0,1,A,0,1,A,S Hooper,5,20,1,6,17,13,0,8,2,4,0,0,1.73,4.2,4.2,1.72,4.0,4.5,1.76,4.25,4.5,1.73,4.06,4.29,1,-1,0.578,0.238,0.238
25,30/08/2025,15:00,Wolves,Everton,2,3,A,1,2,A,M Oliver,12,10,4,4,15,10,2,2,0,1,0,0,2.7,3.2,2.75,2.65,3.2,2.75,2.75,3.3,2.8,2.66,3.19,2.74,5,-1,0.37,0.312,0.364
26,30/08/2025,17:30,Leeds,Newcastle,0,0,D,0,0,D,P Bankes,10,8,1,2,10,15,5,5,1,1,0,0,3.5,3.4,2.1,3.25,3.5,2.15,3.5,3.6,2.2,3.37,3.49,2.12,0,0,0.286,0.294,0.476
126,30/11/2025,12:00,Crystal Palace,Man United,1,2,A,1,0,H,R Jones,14,14,3,6,14,14,4,4,3,2,0,0,2.3,3.4,3.1,2.35,3.4,2.9,2.38,3.75,3.1,2.32,3.51,2.93,3,-1,0.435,0.294,0.323
127,30/11/2025,14:05,Aston Villa,Wolves,1,0,H,0,0,D,C Kavanagh,16,9,6,4,13,21,7,3,0,4,0,0,1.5,4.33,6.5,1.5,4.4,6.25,1.5,4.6,7.5,1.48,4.39,6.57,1,1,0.667,0.231,0.154
128,30/11/2025,14:05,Nott'm Forest,Brighton,0,2,A,0,1,A,M Oliver,19,17,3,6,11,10,9,2,0,1,0,0,2.75,3.3,2.63,2.7,3.4,2.55,2.8,3.4,2.63,2.72,3.36,2.54,2,-2,0.364,0.303,0.38
129,30/11/2025,14:05,West Ham,Liverpool,0,2,A,0,0,D,D England,7,9,0,5,12,14,7,2,1,0,1,0,4.33,4.33,1.67,4.2,4.1,1.72,4.45,4.33,1.8,4.28,4.06,1.74,2,-2,0.231,0.231,0.599
130,30/11/2025,16:30,Chelsea,Arsenal,1,1,D,0,0,D,A Taylor,11,8,4,4,12,13,3,3,1,6,1,0,3.4,3.3,2.2,3.3,3.3,2.2,3.45,3.45,2.25,3.33,3.35,2.18,2,0,0.294,0.303,0.455
181,30/12/2025,19:30,Burnley,Newcastle,1,3,A,1,2,A,R Jones,15,20,4,9,9,3,3,4,2,1,0,0,5.25,4.2,1.6,5.5,3.9,1.61,5.75,4.35,1.62,5.5,4.11,1.59,4,-2,0.19,0.238,0.625
182,30/12/2025,19:30,Chelsea,Bournemouth,2,2,D,2,2,D,S Barrott,17,17,3,6,5,12,12,3,1,1,0,0,1.5,4.75,5.75,1.53,4.6,5.5,1.53,4.75,6.5,1.51,4.56,5.81,4,0,0.667,0.211,0.174
183,30/12/2025,19:30,Nott'm Forest,Everton,0,2,A,0,1,A,M Oliver,21,11,6,3,11,9,9,2,1,0,0,0,2.1,3.25,3.7,2.1,3.2,3.7,2.2,3.25,3.8,2.12,3.21,3.7,2,-2,0.476,0.308,0.27
184,30/12/2025,19:30,West Ham,Brighton,2,2,D,2,1,H,M Salisbury,10,16,4,6,11,18,5,5,3,5,0,0,3.4,3.75,2.0,3.25,3.6,2.1,3.6,3.75,2.1,3.41,3.67,2.04,4,0,0.294,0.267,0.5
185,30/12/2025,20:15,Arsenal,Aston Villa,4,1,H,0,0,D,D England,22,11,7,3,18,9,3,3,2,3,0,0,1.42,4.75,7.0,1.44,4.75,6.5,1.45,5.0,7.5,1.43,4.68,7.02,5,3,0.704,0.211,0.143
186,30/12/2025,20:15,Man United,Wolves,1,1,D,1,1,D,T Bramall,15,11,6,4,9,12,8,4,0,2,0,0,1.36,5.25,8.0,1.37,5.25,7.5,1.4,5.25,9.0,1.37,5.06,8.09,2,0,0.735,0.19,0.125
231,31/01/2026,15:00,Brighton,Everton,1,1,D,0,0,D,C Kavanagh,11,7,2,4,13,14,5,2,1,2,0,0,1.85,3.6,4.1,1.85,3.7,4.0,1.91,3.75,4.3,1.86,3.6,4.13,2,0,0.541,0.278,0.244
232,31/01/2026,15:00,Leeds,Arsenal,0,4,A,0,2,A,S Attwell,3,14,1,8,10,7,4,12,1,1,0,0,5.75,4.2,1.55,5.75,4.0,1.57,6.75,4.25,1.57,6.16,4.1,1.54,4,-4,0.174,0.238,0.645
233,31/01/2026,15:00,Wolves,Bournemouth,0,2,A,0,1,A,M Oliver,17,9,7,4,11,15,5,6,3,3,0,0,2.9,3.5,2.3,2.87,3.6,2.35,3.1,3.6,2.38,2.95,3.5,2.31,2,-2,0.345,0.286,0.435
234,31/01/2026,17:30,Chelsea,West Ham,3,2,H,0,2,A,A Taylor,14,11,6,6,11,13,9,3,3,2,0,1,1.5,4.5,6.0,1.51,4.75,5.5,1.51,4.75,6.5,1.49,4.53,6.05,5,1,0.667,0.222,0.167
235,31/01/2026,20:00,Liverpool,Newcastle,4,1,H,2,1,H,S Hooper,17,8,7,2,11,7,7,11,1,3,0,0,1.8,3.9,4.1,1.8,4.0,4.0,1.83,4.2,4.2,1.77,3.99,4.12,5,3,0.556,0.256,0.244
27,31/08/2025,14:00,Brighton,Man City,2,1,H,0,1,A,D England,12,12,7,3,16,14,3,2,2,2,0,0,3.8,3.9,1.9,3.9,3.9,1.83,4.0,4.0,1.91,3.78,3.84,1.85,3,1,0.263,0.256,0.526
28,31/08/2025,14:00,Nott'm Forest,West Ham,0,3,A,0,0,D,C Pawson,11,12,3,8,14,6,9,7,0,0,0,0,1.67,3.75,5.25,1.72,3.7,4.8,1.73,3.85,5.5,1.69,3.74,5.03,3,-3,0.599,0.267,0.19
29,31/08/2025,16:30,Liverpool,Arsenal,1,0,H,0,0,D,C Kavanagh,9,11,3,1,7,10,3,8,2,2,0,0,2.2,3.5,3.2,2.15,3.6,3.2,2.25,3.6,3.25,2.2,3.49,3.17,1,1,0.455,0.286,0.312
30,31/08/2025,19:00,Aston Villa,Crystal Palace,0,3,A,0,1,A,S Attwell,13,6,4,4,7,14,10,1,2,3,0,0,1.85,3.7,4.0,1.93,3.5,4.0,1.95,3.75,4.2,1.88,3.56,4.07,3,-3,0.541,0.27,0.25
